k1,b,NDCG@10,NDCG@100,Recall@10,Recall@100,avg_search_time_ms
3.0,0.4,0.66971,0.48123,0.01859,0.11601,47.969
2.7,0.4,0.6667,0.48014,0.01848,0.11634,43.618
2.7,0.5,0.66482,0.47844,0.01823,0.11617,45.381
2.4,0.5,0.66405,0.47695,0.01809,0.11632,41.901
2.7,0.3,0.6633,0.48028,0.01825,0.11635,43.109
2.4,0.3,0.66323,0.47632,0.01834,0.1157,43.685
2.4,0.6,0.66155,0.47625,0.01796,0.11701,43.418
2.1,0.6,0.66096,0.47232,0.01774,0.11588,42.075
3.0,0.3,0.66093,0.48112,0.01857,0.11638,45.673
2.1,0.5,0.65896,0.47343,0.01804,0.11603,44.268
2.4,0.4,0.65851,0.47742,0.01834,0.11625,42.405
2.1,0.4,0.65799,0.47317,0.01812,0.11516,45.379
3.0,0.5,0.65767,0.48135,0.01815,0.1171,45.429
3.0,0.6,0.65708,0.47817,0.01775,0.11671,42.993
1.8,0.6,0.65633,0.46754,0.0179,0.11501,41.757
1.8,0.5,0.65424,0.46959,0.01777,0.11504,44.749
2.7,0.6,0.65377,0.47536,0.01771,0.11633,43.926
3.0,0.7,0.65367,0.4733,0.01752,0.11668,45.695
2.7,0.7,0.65247,0.47299,0.01738,0.11665,43.517
2.1,0.3,0.65223,0.47256,0.01829,0.1155,42.754
2.4,0.7,0.65106,0.47083,0.01727,0.11577,43.027
1.8,0.4,0.6508,0.47049,0.01792,0.11493,43.884
1.8,0.7,0.6496,0.46364,0.01747,0.11454,43.142
2.1,0.7,0.64877,0.46823,0.01729,0.11522,43.207
1.8,0.3,0.64615,0.46897,0.01774,0.11482,43.034
1.5,0.4,0.64436,0.46526,0.01772,0.11377,43.686
1.5,0.6,0.64351,0.46004,0.0178,0.11428,41.811
1.5,0.5,0.64182,0.46391,0.01792,0.1141,41.547
1.5,0.7,0.6416,0.45922,0.01733,0.11454,41.578
3.0,0.2,0.63986,0.47695,0.01779,0.1158,44.195
1.5,0.3,0.63865,0.46228,0.01734,0.1131,42.681
2.7,0.2,0.63795,0.47414,0.0176,0.11523,42.999
2.4,0.2,0.6378,0.47183,0.01756,0.11473,44.088
2.1,0.2,0.63207,0.47004,0.01747,0.11482,43.887
1.2,0.5,0.62973,0.45781,0.01732,0.11344,42.533
1.8,0.2,0.62846,0.46714,0.01698,0.11427,43.875
2.4,0.8,0.62362,0.45681,0.01618,0.11336,42.663
1.2,0.4,0.62272,0.45542,0.0169,0.11263,42.1
2.1,0.8,0.62264,0.45626,0.01633,0.11352,43.726
2.7,0.8,0.62231,0.4576,0.01624,0.11366,43.749
1.2,0.6,0.62086,0.45405,0.01682,0.11365,44.157
1.2,0.7,0.62039,0.4506,0.01676,0.11292,41.207
3.0,0.8,0.61947,0.45604,0.01646,0.11292,44.782
1.2,0.3,0.61903,0.45354,0.01654,0.112,43.986
1.8,0.8,0.6171,0.45242,0.01652,0.11293,41.207
1.2,0.8,0.61379,0.44491,0.01656,0.11216,41.188
1.5,0.8,0.61379,0.45082,0.01637,0.11359,41.024
1.5,0.2,0.61155,0.45718,0.01674,0.11258,42.44
2.4,0.1,0.61108,0.45985,0.01712,0.11298,43.336
3.0,0.1,0.60975,0.46148,0.01706,0.11236,44.639
0.9,0.5,0.60569,0.44045,0.01597,0.10956,42.434
0.9,0.6,0.60527,0.44135,0.0161,0.11047,41.661
2.7,0.1,0.60492,0.45968,0.01693,0.11247,46.758
2.1,0.1,0.6047,0.45785,0.01667,0.1127,43.957
0.9,0.7,0.5976,0.43764,0.01583,0.11004,40.913
1.2,0.2,0.59716,0.44866,0.01624,0.11122,42.914
0.9,0.4,0.59469,0.43824,0.01581,0.1091,40.907
1.8,0.1,0.59025,0.45212,0.01636,0.11159,42.604
0.9,0.3,0.5896,0.43779,0.01585,0.10876,42.799
0.9,0.8,0.58792,0.43051,0.01557,0.10838,42.028
1.2,0.9,0.58677,0.42917,0.01599,0.10931,40.825
0.9,0.2,0.57615,0.43179,0.01562,0.10764,42.331
1.5,0.1,0.576,0.44612,0.01588,0.11075,44.5
0.9,0.9,0.57399,0.42339,0.01518,0.10797,42.126
0.6,0.7,0.57312,0.41706,0.01517,0.10556,40.347
0.6,0.6,0.5698,0.41685,0.01505,0.10534,42.453
1.8,0.9,0.56941,0.42612,0.01557,0.10816,40.262
1.5,0.9,0.56839,0.42957,0.01552,0.10908,42.148
0.6,0.8,0.56794,0.41618,0.01489,0.10514,40.354
0.6,0.9,0.56604,0.412,0.01471,0.10426,41.396
1.2,0.1,0.56564,0.43667,0.01507,0.10849,45.18
0.6,0.5,0.55938,0.41601,0.01488,0.10544,41.527
2.1,0.9,0.55852,0.42111,0.01565,0.1072,42.285
2.4,0.9,0.55691,0.41709,0.01559,0.1055,41.339
3.0,0.9,0.55467,0.40969,0.01529,0.10307,44.653
2.7,0.9,0.55268,0.41219,0.01523,0.1037,47.118
0.6,0.4,0.55257,0.41554,0.0149,0.10481,40.272
0.6,0.3,0.5512,0.41343,0.01495,0.10405,40.712
0.9,1.0,0.54563,0.41063,0.01477,0.10536,40.252
0.6,1.0,0.54163,0.40487,0.01414,0.10314,41.225
0.9,0.1,0.53194,0.41972,0.01407,0.10574,42.035
1.2,1.0,0.53177,0.40002,0.01443,0.1022,40.719
0.6,0.2,0.52404,0.40937,0.01354,0.10382,41.063
1.5,1.0,0.51095,0.39144,0.01383,0.10074,40.116
1.8,1.0,0.50888,0.3806,0.01382,0.09786,40.577
0.3,0.9,0.50194,0.38041,0.01355,0.09863,39.834
0.3,1.0,0.50113,0.37908,0.01353,0.09866,39.288
0.3,0.8,0.50112,0.37982,0.01357,0.09837,39.565
0.6,0.1,0.49953,0.40151,0.01275,0.10239,41.904
2.1,1.0,0.4994,0.37072,0.0136,0.09545,41.552
0.3,0.7,0.49915,0.37903,0.01359,0.09762,39.647
0.3,0.6,0.49596,0.37777,0.01361,0.0969,41.138
0.3,0.5,0.49219,0.37515,0.01358,0.09585,40.111
3.0,0.0,0.48957,0.41809,0.01401,0.1047,46.609
0.3,0.4,0.48426,0.37456,0.01273,0.09566,40.09
2.7,0.0,0.48272,0.41732,0.01397,0.10503,45.551
2.4,0.0,0.47877,0.41888,0.01369,0.1064,45.455
0.3,0.3,0.477,0.37283,0.01235,0.09528,41.524
1.8,0.0,0.47443,0.41331,0.01286,0.10527,44.823
2.4,1.0,0.47246,0.35456,0.01278,0.09131,40.63
2.1,0.0,0.47064,0.41669,0.01297,0.1059,48.199
1.5,0.0,0.46727,0.40964,0.01252,0.10502,45.013
0.3,0.2,0.46504,0.36997,0.01225,0.09447,42.562
2.7,1.0,0.46466,0.33771,0.01295,0.08585,51.89
1.2,0.0,0.45674,0.40279,0.01267,0.10345,44.518
0.9,0.0,0.45359,0.39371,0.01266,0.10221,43.592
0.3,0.1,0.44532,0.36365,0.01196,0.09329,40.925
3.0,1.0,0.44202,0.3199,0.01267,0.08083,42.97
0.6,0.0,0.42455,0.37662,0.01163,0.09926,43.985
0.3,0.0,0.39235,0.34583,0.01089,0.09076,41.536
0.0,0.1,0.32084,0.28289,0.00931,0.07559,46.153
0.0,1.0,0.32084,0.28289,0.00931,0.07559,41.197
0.0,0.9,0.32084,0.28289,0.00931,0.07559,40.641
0.0,0.8,0.32084,0.28289,0.00931,0.07559,40.713
0.0,0.7,0.32084,0.28289,0.00931,0.07559,40.489
0.0,0.6,0.32084,0.28289,0.00931,0.07559,40.858
0.0,0.5,0.32084,0.28289,0.00931,0.07559,41.114
0.0,0.4,0.32084,0.28289,0.00931,0.07559,40.05
0.0,0.3,0.32084,0.28289,0.00931,0.07559,44.411
0.0,0.2,0.32084,0.28289,0.00931,0.07559,40.641
0.0,0.0,0.32084,0.28289,0.00931,0.07559,49.653
